<?xml version="1.0" encoding="utf-8" standalone="yes"?>
<rss version="2.0" xmlns:atom="http://www.w3.org/2005/Atom">
  <channel>
    <title>Sample on Lineu Alberto</title>
    <link>https://lineu96.github.io/tags/sample/</link>
    <description>Recent content in Sample on Lineu Alberto</description>
    <generator>Hugo -- gohugo.io</generator>
    <language>pt-br</language>
    <lastBuildDate>Sat, 03 Apr 2021 23:29:21 +0530</lastBuildDate><atom:link href="https://lineu96.github.io/tags/sample/index.xml" rel="self" type="application/rss+xml" />
    <item>
      <title>Markdown Syntax</title>
      <link>https://lineu96.github.io/blogs/markdown-syntax/</link>
      <pubDate>Sat, 03 Apr 2021 23:29:21 +0530</pubDate>
      
      <guid>https://lineu96.github.io/blogs/markdown-syntax/</guid>
      <description>&lt;p&gt;This article offers a sample of basic Markdown syntax that can be used in Hugo content files, also it shows whether basic HTML elements are decorated with CSS in a Hugo theme.&lt;/p&gt;</description>
    </item>
    
    <item>
      <title>Emoji Support</title>
      <link>https://lineu96.github.io/blogs/emoji-support/</link>
      <pubDate>Sat, 03 Apr 2021 22:53:58 +0530</pubDate>
      
      <guid>https://lineu96.github.io/blogs/emoji-support/</guid>
      <description>Emoji can be enabled in a Hugo project in a number of ways. :zap:
Emoji Support The emojify function can be called directly in templates or Inline Shortcodes.
To enable emoji globally, set enableEmoji to true in your site’s configuration and then you can type emoji shorthand codes directly in content files; e.g.
The Emoji cheat sheet is a useful reference for emoji shorthand codes.
 N.B. The above steps enable Unicode Standard emoji characters and sequences in Hugo, however the rendering of these glyphs depends on the browser and the platform.</description>
    </item>
    
    <item>
      <title>Placeholder Text</title>
      <link>https://lineu96.github.io/blogs/placeholder-text/</link>
      <pubDate>Sat, 03 Apr 2021 22:41:10 +0530</pubDate>
      
      <guid>https://lineu96.github.io/blogs/placeholder-text/</guid>
      <description>Lorem est tota propiore conpellat pectoribus de pectora summo.
Redit teque digerit hominumque toris verebor lumina non cervice subde tollit usus habet Arctonque, furores quas nec ferunt. Quoque montibus nunc caluere tempus inhospita parcite confusaque translucet patri vestro qui optatis lumine cognoscere flos nubis! Fronde ipsamque patulos Dryopen deorum.
 Exierant elisi ambit vivere dedere Duce pollice Eris modo Spargitque ferrea quos palude  Rursus nulli murmur; hastile inridet ut ab gravi sententia!</description>
    </item>
    
    <item>
      <title>Rich Content</title>
      <link>https://lineu96.github.io/blogs/rich-content/</link>
      <pubDate>Sat, 03 Apr 2021 19:53:33 +0530</pubDate>
      
      <guid>https://lineu96.github.io/blogs/rich-content/</guid>
      <description>Hugo ships with several Built-in Shortcodes for rich content, along with a Privacy Config and a set of Simple Shortcodes that enable static and no-JS versions of various social media embeds.
Gist Simple Shortcode {{&amp;lt; gist spf13 7896402 &amp;quot;img.html&amp;quot; &amp;gt;}} 
 Twitter Simple Shortcode {{&amp;lt; tweet GoHugoIO 1315233626070503424 &amp;gt;}} 
Profile is a customizable single-page portfolio theme for Hugo featuring a contact form and blog. Made by @gurusabarishh.https://t.co/KwYcwfdy16
&amp;mdash; GoHugo.</description>
    </item>
    
  </channel>
</rss>
