<?xml version="1.0" encoding="utf-8" standalone="yes"?>
<rss version="2.0" xmlns:atom="http://www.w3.org/2005/Atom">
  <channel>
    <title>Markdown syntax on Lineu Alberto</title>
    <link>https://lineu96.github.io/tags/markdown-syntax/</link>
    <description>Recent content in Markdown syntax on Lineu Alberto</description>
    <generator>Hugo -- gohugo.io</generator>
    <language>pt-br</language>
    <lastBuildDate>Sat, 03 Apr 2021 23:29:21 +0530</lastBuildDate><atom:link href="https://lineu96.github.io/tags/markdown-syntax/index.xml" rel="self" type="application/rss+xml" />
    <item>
      <title>Markdown Syntax</title>
      <link>https://lineu96.github.io/blogs/markdown-syntax/</link>
      <pubDate>Sat, 03 Apr 2021 23:29:21 +0530</pubDate>
      
      <guid>https://lineu96.github.io/blogs/markdown-syntax/</guid>
      <description>&lt;p&gt;This article offers a sample of basic Markdown syntax that can be used in Hugo content files, also it shows whether basic HTML elements are decorated with CSS in a Hugo theme.&lt;/p&gt;</description>
    </item>
    
  </channel>
</rss>
