<?xml version="1.0" encoding="utf-8" standalone="yes"?>
<rss version="2.0" xmlns:atom="http://www.w3.org/2005/Atom">
  <channel>
    <title>Categories on Lineu Alberto</title>
    <link>https://lineu96.github.io/categories/</link>
    <description>Recent content in Categories on Lineu Alberto</description>
    <generator>Hugo -- gohugo.io</generator>
    <language>pt-br</language><atom:link href="https://lineu96.github.io/categories/index.xml" rel="self" type="application/rss+xml" />
  </channel>
</rss>
