<?xml version="1.0" encoding="utf-8" standalone="yes"?>
<rss version="2.0" xmlns:atom="http://www.w3.org/2005/Atom">
  <channel>
    <title>Emoji support on Lineu Alberto</title>
    <link>https://lineu96.github.io/tags/emoji-support/</link>
    <description>Recent content in Emoji support on Lineu Alberto</description>
    <generator>Hugo -- gohugo.io</generator>
    <language>pt-br</language>
    <lastBuildDate>Sat, 03 Apr 2021 22:53:58 +0530</lastBuildDate><atom:link href="https://lineu96.github.io/tags/emoji-support/index.xml" rel="self" type="application/rss+xml" />
    <item>
      <title>Emoji Support</title>
      <link>https://lineu96.github.io/blogs/emoji-support/</link>
      <pubDate>Sat, 03 Apr 2021 22:53:58 +0530</pubDate>
      
      <guid>https://lineu96.github.io/blogs/emoji-support/</guid>
      <description>Emoji can be enabled in a Hugo project in a number of ways. :zap:
Emoji Support The emojify function can be called directly in templates or Inline Shortcodes.
To enable emoji globally, set enableEmoji to true in your site’s configuration and then you can type emoji shorthand codes directly in content files; e.g.
The Emoji cheat sheet is a useful reference for emoji shorthand codes.
 N.B. The above steps enable Unicode Standard emoji characters and sequences in Hugo, however the rendering of these glyphs depends on the browser and the platform.</description>
    </item>
    
  </channel>
</rss>
