<?xml version="1.0" encoding="utf-8" standalone="yes"?>
<rss version="2.0" xmlns:atom="http://www.w3.org/2005/Atom">
  <channel>
    <title>Tags on Lineu Alberto</title>
    <link>https://lineu96.github.io/tags/</link>
    <description>Recent content in Tags on Lineu Alberto</description>
    <generator>Hugo -- gohugo.io</generator>
    <language>pt-br</language>
    <lastBuildDate>Sat, 03 Apr 2021 23:29:21 +0530</lastBuildDate><atom:link href="https://lineu96.github.io/tags/index.xml" rel="self" type="application/rss+xml" />
    <item>
      <title>example</title>
      <link>https://lineu96.github.io/tags/example/</link>
      <pubDate>Sat, 03 Apr 2021 23:29:21 +0530</pubDate>
      
      <guid>https://lineu96.github.io/tags/example/</guid>
      <description></description>
    </item>
    
    <item>
      <title>Markdown syntax</title>
      <link>https://lineu96.github.io/tags/markdown-syntax/</link>
      <pubDate>Sat, 03 Apr 2021 23:29:21 +0530</pubDate>
      
      <guid>https://lineu96.github.io/tags/markdown-syntax/</guid>
      <description></description>
    </item>
    
    <item>
      <title>Sample</title>
      <link>https://lineu96.github.io/tags/sample/</link>
      <pubDate>Sat, 03 Apr 2021 23:29:21 +0530</pubDate>
      
      <guid>https://lineu96.github.io/tags/sample/</guid>
      <description></description>
    </item>
    
    <item>
      <title>Emoji support</title>
      <link>https://lineu96.github.io/tags/emoji-support/</link>
      <pubDate>Sat, 03 Apr 2021 22:53:58 +0530</pubDate>
      
      <guid>https://lineu96.github.io/tags/emoji-support/</guid>
      <description></description>
    </item>
    
    <item>
      <title>Placeholder text</title>
      <link>https://lineu96.github.io/tags/placeholder-text/</link>
      <pubDate>Sat, 03 Apr 2021 22:41:10 +0530</pubDate>
      
      <guid>https://lineu96.github.io/tags/placeholder-text/</guid>
      <description></description>
    </item>
    
    <item>
      <title>Rich content</title>
      <link>https://lineu96.github.io/tags/rich-content/</link>
      <pubDate>Sat, 03 Apr 2021 19:53:33 +0530</pubDate>
      
      <guid>https://lineu96.github.io/tags/rich-content/</guid>
      <description></description>
    </item>
    
  </channel>
</rss>
