<?xml version="1.0" encoding="utf-8" standalone="yes"?>
<rss version="2.0" xmlns:atom="http://www.w3.org/2005/Atom">
  <channel>
    <title>Placeholder text on Lineu Alberto</title>
    <link>https://lineu96.github.io/tags/placeholder-text/</link>
    <description>Recent content in Placeholder text on Lineu Alberto</description>
    <generator>Hugo -- gohugo.io</generator>
    <language>pt-br</language>
    <lastBuildDate>Sat, 03 Apr 2021 22:41:10 +0530</lastBuildDate><atom:link href="https://lineu96.github.io/tags/placeholder-text/index.xml" rel="self" type="application/rss+xml" />
    <item>
      <title>Placeholder Text</title>
      <link>https://lineu96.github.io/blogs/placeholder-text/</link>
      <pubDate>Sat, 03 Apr 2021 22:41:10 +0530</pubDate>
      
      <guid>https://lineu96.github.io/blogs/placeholder-text/</guid>
      <description>Lorem est tota propiore conpellat pectoribus de pectora summo.
Redit teque digerit hominumque toris verebor lumina non cervice subde tollit usus habet Arctonque, furores quas nec ferunt. Quoque montibus nunc caluere tempus inhospita parcite confusaque translucet patri vestro qui optatis lumine cognoscere flos nubis! Fronde ipsamque patulos Dryopen deorum.
 Exierant elisi ambit vivere dedere Duce pollice Eris modo Spargitque ferrea quos palude  Rursus nulli murmur; hastile inridet ut ab gravi sententia!</description>
    </item>
    
  </channel>
</rss>
